<?xml version="1.0" encoding="UTF-8"?>
    <addon id="nordicrepo.kodi" name="NordicRepo" version="0.2.4" provider-name="Nordic">
        <extension point="xbmc.addon.repository" name="NordicRepo">
            <dir minversion="15.0.0">
                <info compressed="false">https://raw.githubusercontent.com/T75L/nordict/master/addon.xml</info>
                <checksum>https://raw.githubusercontent.com/T75L/nordict/master/addons.xml.md5</checksum>
                <datadir zip="true">https://github.com/T75L/nordict/raw/master/addons/</datadir>
                <hashes>false</hashes>
            </dir>
            <dir minversion="15.9.0">
                <info compressed="false">https://raw.githubusercontent.com/T75L/nordict/master/addon.xml</info>
                <checksum>https://raw.githubusercontent.com/T75L/nordict/master/addons.xml.md5</checksum>
                <datadir zip="true">https://github.com/T75L/nordict/raw/master/addons/</datadir>
                <hashes>false</hashes>
            </dir>
            <dir minversion="16.9.0">
                <info compressed="false">https://raw.githubusercontent.com/T75L/nordict/master/addon.xml</info>
                <checksum>https://raw.githubusercontent.com/T75L/nordict/master/addons.xml.md5</checksum>
                <datadir zip="true">https://github.com/T75L/nordict/raw/master/addons/</datadir>
                <hashes>false</hashes>
            </dir>
        </extension>
        <extension point="xbmc.addon.metadata">
            <summary>The repository contains addons and scripts.</summary>
            <description>NordicRepo is a repository that contains addons and scripts.</description>
            <platform>all</platform>
    </extension>
</addon>